"","row","col"
"28",1,28
"109",1,109
"433",1,433
"1324",1,1324
"1405",1,1405
"29",2,29
"110",2,110
"434",2,434
"1325",2,1325
"1406",2,1406
"30",3,30
"111",3,111
"435",3,435
"1326",3,1326
"1407",3,1407
"31",4,31
"112",4,112
"436",4,436
"1327",4,1327
"1408",4,1408
"32",5,32
"113",5,113
"437",5,437
"1328",5,1328
"1409",5,1409
"33",6,33
"114",6,114
"438",6,438
"1329",6,1329
"1410",6,1410
"34",7,34
"115",7,115
"439",7,439
"1330",7,1330
"1411",7,1411
"35",8,35
"116",8,116
"440",8,440
"1331",8,1331
"1412",8,1412
"36",9,36
"117",9,117
"441",9,441
"1332",9,1332
"1413",9,1413
"37",10,37
"118",10,118
"442",10,442
"1333",10,1333
"1414",10,1414
"38",11,38
"119",11,119
"443",11,443
"1334",11,1334
"39",12,39
"120",12,120
"444",12,444
"1308",12,1308
"40",13,40
"121",13,121
"445",13,445
"1336",13,1336
"1417",13,1417
"41",14,41
"122",14,122
"446",14,446
"1337",14,1337
"42",15,42
"123",15,123
"447",15,447
"1311",15,1311
"43",16,43
"124",16,124
"448",16,448
"1339",16,1339
"1420",16,1420
"44",17,44
"125",17,125
"449",17,449
"1313",17,1313
"45",18,45
"126",18,126
"450",18,450
"1314",18,1314
"1422",18,1422
"46",19,46
"127",19,127
"451",19,451
"1342",19,1342
"1423",19,1423
"47",20,47
"128",20,128
"452",20,452
"1343",20,1343
"1424",20,1424
"48",21,48
"129",21,129
"453",21,453
"1425",21,1425
"49",22,49
"130",22,130
"454",22,454
"1345",22,1345
"1426",22,1426
"50",23,50
"131",23,131
"455",23,455
"51",24,51
"132",24,132
"456",24,456
"1320",24,1320
"52",25,52
"133",25,133
"457",25,457
"1348",25,1348
"1429",25,1429
"53",26,53
"134",26,134
"458",26,458
"1322",26,1322
"54",27,54
"135",27,135
"459",27,459
"1323",27,1323
"1431",27,1431
"55",28,55
"136",28,136
"460",28,460
"1297",28,1297
"1351",28,1351
"1432",28,1432
"56",29,56
"137",29,137
"461",29,461
"1298",29,1298
"1352",29,1352
"1433",29,1433
"57",30,57
"138",30,138
"462",30,462
"1299",30,1299
"1353",30,1353
"1434",30,1434
"58",31,58
"139",31,139
"463",31,463
"1300",31,1300
"1354",31,1354
"1435",31,1435
"59",32,59
"140",32,140
"464",32,464
"1301",32,1301
"1355",32,1355
"1436",32,1436
"60",33,60
"141",33,141
"465",33,465
"1302",33,1302
"1356",33,1356
"1437",33,1437
"61",34,61
"142",34,142
"466",34,466
"1303",34,1303
"1357",34,1357
"1438",34,1438
"62",35,62
"143",35,143
"467",35,467
"1304",35,1304
"1358",35,1358
"1439",35,1439
"63",36,63
"144",36,144
"468",36,468
"1305",36,1305
"1359",36,1359
"1440",36,1440
"64",37,64
"145",37,145
"469",37,469
"1306",37,1306
"1360",37,1360
"1441",37,1441
"65",38,65
"146",38,146
"470",38,470
"1307",38,1307
"1361",38,1361
"66",39,66
"147",39,147
"471",39,471
"1335",39,1335
"67",40,67
"148",40,148
"472",40,472
"1309",40,1309
"1363",40,1363
"1444",40,1444
"68",41,68
"149",41,149
"473",41,473
"1310",41,1310
"69",42,69
"150",42,150
"474",42,474
"1338",42,1338
"70",43,70
"151",43,151
"475",43,475
"1312",43,1312
"1366",43,1366
"1447",43,1447
"71",44,71
"152",44,152
"476",44,476
"1340",44,1340
"72",45,72
"153",45,153
"477",45,477
"1341",45,1341
"1449",45,1449
"73",46,73
"154",46,154
"478",46,478
"1315",46,1315
"1369",46,1369
"1450",46,1450
"74",47,74
"155",47,155
"479",47,479
"1316",47,1316
"1370",47,1370
"75",48,75
"156",48,156
"480",48,480
"1317",48,1317
"1344",48,1344
"76",49,76
"157",49,157
"481",49,481
"1318",49,1318
"1372",49,1372
"1453",49,1453
"77",50,77
"158",50,158
"482",50,482
"1319",50,1319
"1346",50,1346
"78",51,78
"159",51,159
"483",51,483
"1347",51,1347
"1455",51,1455
"79",52,79
"160",52,160
"484",52,484
"1321",52,1321
"1375",52,1375
"1456",52,1456
"80",53,80
"161",53,161
"485",53,485
"1349",53,1349
"81",54,81
"162",54,162
"486",54,486
"1350",54,1350
"1458",54,1458
"163",55,163
"487",55,487
"1324",55,1324
"1459",55,1459
"164",56,164
"488",56,488
"1325",56,1325
"1460",56,1460
"165",57,165
"489",57,489
"1326",57,1326
"1461",57,1461
"166",58,166
"490",58,490
"1327",58,1327
"1462",58,1462
"167",59,167
"491",59,491
"1328",59,1328
"1463",59,1463
"168",60,168
"492",60,492
"1329",60,1329
"1464",60,1464
"169",61,169
"493",61,493
"1330",61,1330
"1465",61,1465
"170",62,170
"494",62,494
"1331",62,1331
"1466",62,1466
"171",63,171
"495",63,495
"1332",63,1332
"1467",63,1467
"172",64,172
"496",64,496
"1333",64,1333
"1468",64,1468
"173",65,173
"497",65,497
"1334",65,1334
"174",66,174
"498",66,498
"1362",66,1362
"175",67,175
"499",67,499
"1336",67,1336
"1471",67,1471
"176",68,176
"500",68,500
"1337",68,1337
"1364",68,1364
"177",69,177
"501",69,501
"1365",69,1365
"1473",69,1473
"178",70,178
"502",70,502
"1339",70,1339
"1474",70,1474
"179",71,179
"503",71,503
"1367",71,1367
"180",72,180
"504",72,504
"1368",72,1368
"1476",72,1476
"181",73,181
"505",73,505
"1342",73,1342
"1477",73,1477
"182",74,182
"506",74,506
"1343",74,1343
"183",75,183
"507",75,507
"1371",75,1371
"184",76,184
"508",76,508
"1345",76,1345
"1480",76,1480
"185",77,185
"509",77,509
"1373",77,1373
"186",78,186
"510",78,510
"1374",78,1374
"1482",78,1482
"187",79,187
"511",79,511
"1348",79,1348
"1483",79,1483
"188",80,188
"512",80,512
"1376",80,1376
"189",81,189
"513",81,513
"1377",81,1377
"1485",81,1485
"190",82,190
"514",82,514
"1486",82,1486
"191",83,191
"515",83,515
"1487",83,1487
"192",84,192
"516",84,516
"1488",84,1488
"193",85,193
"517",85,517
"1489",85,1489
"194",86,194
"518",86,518
"1490",86,1490
"195",87,195
"519",87,519
"1491",87,1491
"196",88,196
"520",88,520
"1492",88,1492
"197",89,197
"521",89,521
"1493",89,1493
"198",90,198
"522",90,522
"1494",90,1494
"199",91,199
"523",91,523
"1495",91,1495
"200",92,200
"524",92,524
"201",93,201
"525",93,525
"1389",93,1389
"202",94,202
"526",94,526
"1498",94,1498
"203",95,203
"527",95,527
"1391",95,1391
"204",96,204
"528",96,528
"1392",96,1392
"1500",96,1500
"205",97,205
"529",97,529
"1501",97,1501
"206",98,206
"530",98,530
"1394",98,1394
"207",99,207
"531",99,531
"1395",99,1395
"1503",99,1503
"208",100,208
"532",100,532
"1504",100,1504
"209",101,209
"533",101,533
"210",102,210
"534",102,534
"1398",102,1398
"211",103,211
"535",103,535
"1507",103,1507
"212",104,212
"536",104,536
"1400",104,1400
"213",105,213
"537",105,537
"1401",105,1401
"1509",105,1509
"214",106,214
"538",106,538
"1510",106,1510
"215",107,215
"539",107,539
"1403",107,1403
"216",108,216
"540",108,540
"1404",108,1404
"1512",108,1512
"136",109,136
"217",109,217
"541",109,541
"1297",109,1297
"1432",109,1432
"1513",109,1513
"137",110,137
"218",110,218
"542",110,542
"1298",110,1298
"1433",110,1433
"1514",110,1514
"138",111,138
"219",111,219
"543",111,543
"1299",111,1299
"1434",111,1434
"1515",111,1515
"139",112,139
"220",112,220
"544",112,544
"1300",112,1300
"1435",112,1435
"1516",112,1516
"140",113,140
"221",113,221
"545",113,545
"1301",113,1301
"1436",113,1436
"1517",113,1517
"141",114,141
"222",114,222
"546",114,546
"1302",114,1302
"1437",114,1437
"1518",114,1518
"142",115,142
"223",115,223
"547",115,547
"1303",115,1303
"1438",115,1438
"1519",115,1519
"143",116,143
"224",116,224
"548",116,548
"1304",116,1304
"1439",116,1439
"1520",116,1520
"144",117,144
"225",117,225
"549",117,549
"1305",117,1305
"1440",117,1440
"1521",117,1521
"145",118,145
"226",118,226
"550",118,550
"1306",118,1306
"1441",118,1441
"1522",118,1522
"146",119,146
"227",119,227
"551",119,551
"1307",119,1307
"1415",119,1415
"147",120,147
"1416",120,1416
"148",121,148
"229",121,229
"553",121,553
"1309",121,1309
"1444",121,1444
"1525",121,1525
"149",122,149
"230",122,230
"554",122,554
"1310",122,1310
"1418",122,1418
"150",123,150
"1419",123,1419
"151",124,151
"232",124,232
"556",124,556
"1312",124,1312
"1447",124,1447
"1528",124,1528
"152",125,152
"1421",125,1421
"153",126,153
"1449",126,1449
"1530",126,1530
"154",127,154
"235",127,235
"559",127,559
"1315",127,1315
"1450",127,1450
"1531",127,1531
"155",128,155
"236",128,236
"560",128,560
"1316",128,1316
"1532",128,1532
"156",129,156
"237",129,237
"561",129,561
"1317",129,1317
"1533",129,1533
"157",130,157
"238",130,238
"562",130,562
"1318",130,1318
"1453",130,1453
"1534",130,1534
"158",131,158
"239",131,239
"563",131,563
"1319",131,1319
"1427",131,1427
"159",132,159
"1428",132,1428
"1455",132,1455
"160",133,160
"241",133,241
"565",133,565
"1321",133,1321
"1456",133,1456
"1537",133,1537
"161",134,161
"1430",134,1430
"162",135,162
"1458",135,1458
"1539",135,1539
"163",136,163
"244",136,244
"568",136,568
"1324",136,1324
"1405",136,1405
"1459",136,1459
"1540",136,1540
"164",137,164
"245",137,245
"569",137,569
"1325",137,1325
"1406",137,1406
"1460",137,1460
"1541",137,1541
"165",138,165
"246",138,246
"570",138,570
"1326",138,1326
"1407",138,1407
"1461",138,1461
"1542",138,1542
"166",139,166
"247",139,247
"571",139,571
"1327",139,1327
"1408",139,1408
"1462",139,1462
"1543",139,1543
"167",140,167
"248",140,248
"572",140,572
"1328",140,1328
"1409",140,1409
"1463",140,1463
"1544",140,1544
"168",141,168
"249",141,249
"573",141,573
"1329",141,1329
"1410",141,1410
"1464",141,1464
"1545",141,1545
"169",142,169
"250",142,250
"574",142,574
"1330",142,1330
"1411",142,1411
"1465",142,1465
"1546",142,1546
"170",143,170
"251",143,251
"575",143,575
"1331",143,1331
"1412",143,1412
"1466",143,1466
"1547",143,1547
"171",144,171
"252",144,252
"576",144,576
"1332",144,1332
"1413",144,1413
"1467",144,1467
"1548",144,1548
"172",145,172
"253",145,253
"577",145,577
"1333",145,1333
"1414",145,1414
"1468",145,1468
"1549",145,1549
"173",146,173
"254",146,254
"578",146,578
"1334",146,1334
"1442",146,1442
"174",147,174
"1443",147,1443
"175",148,175
"256",148,256
"580",148,580
"1336",148,1336
"1417",148,1417
"1471",148,1471
"1552",148,1552
"176",149,176
"257",149,257
"581",149,581
"1337",149,1337
"1445",149,1445
"177",150,177
"1446",150,1446
"1473",150,1473
"178",151,178
"259",151,259
"583",151,583
"1339",151,1339
"1420",151,1420
"1474",151,1474
"1555",151,1555
"179",152,179
"1448",152,1448
"180",153,180
"1422",153,1422
"1476",153,1476
"1557",153,1557
"181",154,181
"262",154,262
"586",154,586
"1342",154,1342
"1423",154,1423
"1477",154,1477
"1558",154,1558
"182",155,182
"263",155,263
"587",155,587
"1343",155,1343
"1424",155,1424
"1451",155,1451
"183",156,183
"1425",156,1425
"1452",156,1452
"184",157,184
"265",157,265
"589",157,589
"1345",157,1345
"1426",157,1426
"1480",157,1480
"1561",157,1561
"185",158,185
"1454",158,1454
"186",159,186
"1482",159,1482
"1563",159,1563
"187",160,187
"268",160,268
"592",160,592
"1348",160,1348
"1429",160,1429
"1483",160,1483
"1564",160,1564
"188",161,188
"1457",161,1457
"189",162,189
"1431",162,1431
"1485",162,1485
"1566",162,1566
"271",163,271
"595",163,595
"1351",163,1351
"1432",163,1432
"1567",163,1567
"272",164,272
"596",164,596
"1352",164,1352
"1433",164,1433
"1568",164,1568
"273",165,273
"597",165,597
"1353",165,1353
"1434",165,1434
"1569",165,1569
"274",166,274
"598",166,598
"1354",166,1354
"1435",166,1435
"1570",166,1570
"275",167,275
"599",167,599
"1355",167,1355
"1436",167,1436
"1571",167,1571
"276",168,276
"600",168,600
"1356",168,1356
"1437",168,1437
"1572",168,1572
"277",169,277
"601",169,601
"1357",169,1357
"1438",169,1438
"1573",169,1573
"278",170,278
"602",170,602
"1358",170,1358
"1439",170,1439
"1574",170,1574
"279",171,279
"603",171,603
"1359",171,1359
"1440",171,1440
"1575",171,1575
"280",172,280
"604",172,604
"1360",172,1360
"1441",172,1441
"1576",172,1576
"281",173,281
"605",173,605
"1361",173,1361
"1469",173,1469
"1470",174,1470
"283",175,283
"607",175,607
"1363",175,1363
"1444",175,1444
"1579",175,1579
"1472",176,1472
"1581",177,1581
"286",178,286
"610",178,610
"1366",178,1366
"1447",178,1447
"1582",178,1582
"1475",179,1475
"1449",180,1449
"1584",180,1584
"289",181,289
"613",181,613
"1369",181,1369
"1450",181,1450
"1585",181,1585
"290",182,290
"614",182,614
"1370",182,1370
"1478",182,1478
"1479",183,1479
"292",184,292
"616",184,616
"1372",184,1372
"1453",184,1453
"1588",184,1588
"1481",185,1481
"1455",186,1455
"1590",186,1590
"295",187,295
"619",187,619
"1375",187,1375
"1456",187,1456
"1591",187,1591
"1484",188,1484
"1458",189,1458
"1593",189,1593
"298",190,298
"622",190,622
"1378",190,1378
"1594",190,1594
"299",191,299
"623",191,623
"1379",191,1379
"1595",191,1595
"300",192,300
"624",192,624
"1380",192,1380
"1596",192,1596
"301",193,301
"625",193,625
"1381",193,1381
"1597",193,1597
"302",194,302
"626",194,626
"1382",194,1382
"1598",194,1598
"303",195,303
"627",195,627
"1383",195,1383
"1599",195,1599
"304",196,304
"628",196,628
"1384",196,1384
"1600",196,1600
"305",197,305
"629",197,629
"1385",197,1385
"1601",197,1601
"306",198,306
"630",198,630
"1386",198,1386
"1602",198,1602
"307",199,307
"631",199,631
"1387",199,1387
"1603",199,1603
"308",200,308
"632",200,632
"1388",200,1388
"1496",200,1496
"1497",201,1497
"310",202,310
"634",202,634
"1390",202,1390
"1606",202,1606
"1499",203,1499
"1608",204,1608
"313",205,313
"637",205,637
"1393",205,1393
"1609",205,1609
"1502",206,1502
"1611",207,1611
"316",208,316
"640",208,640
"1396",208,1396
"1612",208,1612
"317",209,317
"641",209,641
"1397",209,1397
"1505",209,1505
"1506",210,1506
"319",211,319
"643",211,643
"1399",211,1399
"1615",211,1615
"1508",212,1508
"1617",213,1617
"322",214,322
"646",214,646
"1402",214,1402
"1618",214,1618
"1511",215,1511
"1620",216,1620
"244",217,244
"649",217,649
"1405",217,1405
"1540",217,1540
"245",218,245
"650",218,650
"1406",218,1406
"1541",218,1541
"246",219,246
"651",219,651
"1407",219,1407
"1542",219,1542
"247",220,247
"652",220,652
"1408",220,1408
"1543",220,1543
"248",221,248
"653",221,653
"1409",221,1409
"1544",221,1544
"249",222,249
"654",222,654
"1410",222,1410
"1545",222,1545
"250",223,250
"655",223,655
"1411",223,1411
"1546",223,1546
"251",224,251
"656",224,656
"1412",224,1412
"1547",224,1547
"252",225,252
"657",225,657
"1413",225,1413
"1548",225,1548
"253",226,253
"658",226,658
"1414",226,1414
"1549",226,1549
"254",227,254
"659",227,659
"1523",227,1523
"255",228,255
"660",228,660
"1416",228,1416
"1524",228,1524
"256",229,256
"661",229,661
"1417",229,1417
"1552",229,1552
"257",230,257
"662",230,662
"1526",230,1526
"258",231,258
"663",231,663
"1419",231,1419
"1527",231,1527
"259",232,259
"664",232,664
"1420",232,1420
"1555",232,1555
"260",233,260
"665",233,665
"1421",233,1421
"1529",233,1529
"261",234,261
"666",234,666
"1530",234,1530
"262",235,262
"667",235,667
"1423",235,1423
"1558",235,1558
"263",236,263
"668",236,668
"1424",236,1424
"669",237,669
"1425",237,1425
"265",238,265
"670",238,670
"1426",238,1426
"1561",238,1561
"671",239,671
"1535",239,1535
"267",240,267
"672",240,672
"1428",240,1428
"1536",240,1536
"268",241,268
"673",241,673
"1429",241,1429
"1564",241,1564
"269",242,269
"674",242,674
"1430",242,1430
"1538",242,1538
"270",243,270
"675",243,675
"1539",243,1539
"271",244,271
"676",244,676
"1432",244,1432
"1513",244,1513
"1567",244,1567
"272",245,272
"677",245,677
"1433",245,1433
"1514",245,1514
"1568",245,1568
"273",246,273
"678",246,678
"1434",246,1434
"1515",246,1515
"1569",246,1569
"274",247,274
"679",247,679
"1435",247,1435
"1516",247,1516
"1570",247,1570
"275",248,275
"680",248,680
"1436",248,1436
"1517",248,1517
"1571",248,1571
"276",249,276
"681",249,681
"1437",249,1437
"1518",249,1518
"1572",249,1572
"277",250,277
"682",250,682
"1438",250,1438
"1519",250,1519
"1573",250,1573
"278",251,278
"683",251,683
"1439",251,1439
"1520",251,1520
"1574",251,1574
"279",252,279
"684",252,684
"1440",252,1440
"1521",252,1521
"1575",252,1575
"280",253,280
"685",253,685
"1441",253,1441
"1522",253,1522
"1576",253,1576
"281",254,281
"686",254,686
"1550",254,1550
"282",255,282
"687",255,687
"1443",255,1443
"1551",255,1551
"283",256,283
"688",256,688
"1444",256,1444
"1525",256,1525
"1579",256,1579
"689",257,689
"1553",257,1553
"285",258,285
"690",258,690
"1446",258,1446
"1554",258,1554
"286",259,286
"691",259,691
"1447",259,1447
"1528",259,1528
"1582",259,1582
"287",260,287
"692",260,692
"1448",260,1448
"1556",260,1556
"288",261,288
"693",261,693
"1557",261,1557
"289",262,289
"694",262,694
"1450",262,1450
"1531",262,1531
"1585",262,1585
"290",263,290
"695",263,695
"1532",263,1532
"1559",263,1559
"291",264,291
"696",264,696
"1452",264,1452
"1560",264,1560
"292",265,292
"697",265,697
"1453",265,1453
"1534",265,1534
"1588",265,1588
"293",266,293
"698",266,698
"1454",266,1454
"1535",266,1535
"1562",266,1562
"294",267,294
"699",267,699
"1563",267,1563
"295",268,295
"700",268,700
"1456",268,1456
"1537",268,1537
"1591",268,1591
"296",269,296
"701",269,701
"1457",269,1457
"1565",269,1565
"297",270,297
"702",270,702
"1566",270,1566
"703",271,703
"1459",271,1459
"1540",271,1540
"704",272,704
"1460",272,1460
"1541",272,1541
"705",273,705
"1461",273,1461
"1542",273,1542
"706",274,706
"1462",274,1462
"1543",274,1543
"707",275,707
"1463",275,1463
"1544",275,1544
"708",276,708
"1464",276,1464
"1545",276,1545
"709",277,709
"1465",277,1465
"1546",277,1546
"710",278,710
"1466",278,1466
"1547",278,1547
"711",279,711
"1467",279,1467
"1548",279,1548
"712",280,712
"1468",280,1468
"1549",280,1549
"713",281,713
"1577",281,1577
"714",282,714
"1470",282,1470
"1578",282,1578
"715",283,715
"1471",283,1471
"1552",283,1552
"716",284,716
"1472",284,1472
"1553",284,1553
"1580",284,1580
"717",285,717
"1581",285,1581
"718",286,718
"1474",286,1474
"1555",286,1555
"719",287,719
"1475",287,1475
"1583",287,1583
"720",288,720
"1584",288,1584
"721",289,721
"1477",289,1477
"1558",289,1558
"722",290,722
"1586",290,1586
"723",291,723
"1479",291,1479
"1587",291,1587
"724",292,724
"1480",292,1480
"1561",292,1561
"725",293,725
"1481",293,1481
"1589",293,1589
"726",294,726
"1590",294,1590
"727",295,727
"1483",295,1483
"1564",295,1564
"728",296,728
"1484",296,1484
"1592",296,1592
"729",297,729
"1593",297,1593
"730",298,730
"1486",298,1486
"731",299,731
"1487",299,1487
"732",300,732
"1488",300,1488
"733",301,733
"1489",301,1489
"734",302,734
"1490",302,1490
"735",303,735
"1491",303,1491
"736",304,736
"1492",304,1492
"737",305,737
"1493",305,1493
"738",306,738
"1494",306,1494
"739",307,739
"1495",307,1495
"740",308,740
"1604",308,1604
"741",309,741
"1497",309,1497
"1605",309,1605
"742",310,742
"1498",310,1498
"743",311,743
"1499",311,1499
"1607",311,1607
"744",312,744
"1608",312,1608
"745",313,745
"1501",313,1501
"746",314,746
"1502",314,1502
"1610",314,1610
"747",315,747
"1611",315,1611
"748",316,748
"1504",316,1504
"749",317,749
"1613",317,1613
"750",318,750
"1506",318,1506
"1614",318,1614
"751",319,751
"1507",319,1507
"752",320,752
"1508",320,1508
"1616",320,1616
"753",321,753
"1617",321,1617
"754",322,754
"1510",322,1510
"755",323,755
"1511",323,1511
"1619",323,1619
"756",324,756
"1620",324,1620
"352",325,352
"757",325,757
"1648",325,1648
"353",326,353
"758",326,758
"1649",326,1649
"354",327,354
"759",327,759
"1650",327,1650
"355",328,355
"760",328,760
"1651",328,1651
"356",329,356
"761",329,761
"1652",329,1652
"357",330,357
"762",330,762
"1653",330,1653
"358",331,358
"763",331,763
"1654",331,1654
"359",332,359
"764",332,764
"1655",332,1655
"360",333,360
"765",333,765
"1656",333,1656
"361",334,361
"766",334,766
"1657",334,1657
"362",335,362
"767",335,767
"1631",335,1631
"363",336,363
"768",336,768
"1632",336,1632
"364",337,364
"769",337,769
"1660",337,1660
"365",338,365
"770",338,770
"1634",338,1634
"366",339,366
"771",339,771
"1635",339,1635
"367",340,367
"772",340,772
"1663",340,1663
"368",341,368
"773",341,773
"1637",341,1637
"369",342,369
"774",342,774
"1638",342,1638
"370",343,370
"775",343,775
"1666",343,1666
"371",344,371
"776",344,776
"777",345,777
"373",346,373
"778",346,778
"1669",346,1669
"779",347,779
"1643",347,1643
"375",348,375
"780",348,780
"1644",348,1644
"376",349,376
"781",349,781
"1672",349,1672
"377",350,377
"782",350,782
"1646",350,1646
"378",351,378
"783",351,783
"1647",351,1647
"379",352,379
"784",352,784
"1621",352,1621
"1675",352,1675
"380",353,380
"785",353,785
"1622",353,1622
"1676",353,1676
"381",354,381
"786",354,786
"1623",354,1623
"1677",354,1677
"382",355,382
"787",355,787
"1624",355,1624
"1678",355,1678
"383",356,383
"788",356,788
"1625",356,1625
"1679",356,1679
"384",357,384
"789",357,789
"1626",357,1626
"1680",357,1680
"385",358,385
"790",358,790
"1627",358,1627
"1681",358,1681
"386",359,386
"791",359,791
"1628",359,1628
"1682",359,1682
"387",360,387
"792",360,792
"1629",360,1629
"1683",360,1683
"388",361,388
"793",361,793
"1630",361,1630
"1684",361,1684
"389",362,389
"794",362,794
"1658",362,1658
"390",363,390
"795",363,795
"1659",363,1659
"391",364,391
"796",364,796
"1633",364,1633
"1687",364,1687
"797",365,797
"1661",365,1661
"393",366,393
"798",366,798
"1662",366,1662
"394",367,394
"799",367,799
"1636",367,1636
"1690",367,1690
"395",368,395
"800",368,800
"1664",368,1664
"396",369,396
"801",369,801
"1665",369,1665
"397",370,397
"802",370,802
"1639",370,1639
"1693",370,1693
"398",371,398
"803",371,803
"1640",371,1640
"1667",371,1667
"399",372,399
"804",372,804
"1668",372,1668
"400",373,400
"805",373,805
"1642",373,1642
"1696",373,1696
"401",374,401
"806",374,806
"1643",374,1643
"1670",374,1670
"402",375,402
"807",375,807
"1671",375,1671
"403",376,403
"808",376,808
"1645",376,1645
"1699",376,1699
"404",377,404
"809",377,809
"1673",377,1673
"405",378,405
"810",378,810
"1674",378,1674
"811",379,811
"1648",379,1648
"812",380,812
"1649",380,1649
"813",381,813
"1650",381,1650
"814",382,814
"1651",382,1651
"815",383,815
"1652",383,1652
"816",384,816
"1653",384,1653
"817",385,817
"1654",385,1654
"818",386,818
"1655",386,1655
"819",387,819
"1656",387,1656
"820",388,820
"1657",388,1657
"821",389,821
"1685",389,1685
"822",390,822
"1686",390,1686
"823",391,823
"1660",391,1660
"824",392,824
"1661",392,1661
"1688",392,1688
"825",393,825
"1689",393,1689
"826",394,826
"1663",394,1663
"827",395,827
"1691",395,1691
"828",396,828
"1692",396,1692
"829",397,829
"1666",397,1666
"830",398,830
"1694",398,1694
"831",399,831
"1695",399,1695
"832",400,832
"1669",400,1669
"833",401,833
"1697",401,1697
"834",402,834
"1698",402,1698
"835",403,835
"1672",403,1672
"836",404,836
"1700",404,1700
"837",405,837
"1701",405,1701
"838",406,838
"839",407,839
"840",408,840
"841",409,841
"842",410,842
"843",411,843
"844",412,844
"845",413,845
"846",414,846
"847",415,847
"848",416,848
"1712",416,1712
"849",417,849
"1713",417,1713
"850",418,850
"851",419,851
"1715",419,1715
"852",420,852
"1716",420,1716
"853",421,853
"854",422,854
"1718",422,1718
"855",423,855
"1719",423,1719
"856",424,856
"857",425,857
"1721",425,1721
"858",426,858
"1722",426,1722
"859",427,859
"860",428,860
"1724",428,1724
"861",429,861
"1725",429,1725
"862",430,862
"863",431,863
"1727",431,1727
"864",432,864
"1728",432,1728
"460",433,460
"541",433,541
"865",433,865
"1297",433,1297
"461",434,461
"542",434,542
"866",434,866
"1298",434,1298
"462",435,462
"543",435,543
"867",435,867
"1299",435,1299
"463",436,463
"544",436,544
"868",436,868
"1300",436,1300
"464",437,464
"545",437,545
"869",437,869
"1301",437,1301
"465",438,465
"546",438,546
"870",438,870
"1302",438,1302
"466",439,466
"547",439,547
"871",439,871
"1303",439,1303
"467",440,467
"548",440,548
"872",440,872
"1304",440,1304
"468",441,468
"549",441,549
"873",441,873
"1305",441,1305
"469",442,469
"550",442,550
"874",442,874
"1306",442,1306
"470",443,470
"551",443,551
"875",443,875
"1307",443,1307
"471",444,471
"472",445,472
"553",445,553
"877",445,877
"1309",445,1309
"473",446,473
"554",446,554
"878",446,878
"1310",446,1310
"474",447,474
"475",448,475
"556",448,556
"880",448,880
"1312",448,1312
"476",449,476
"477",450,477
"478",451,478
"559",451,559
"883",451,883
"1315",451,1315
"479",452,479
"560",452,560
"884",452,884
"1316",452,1316
"480",453,480
"561",453,561
"885",453,885
"1317",453,1317
"481",454,481
"562",454,562
"886",454,886
"1318",454,1318
"482",455,482
"563",455,563
"887",455,887
"1319",455,1319
"483",456,483
"484",457,484
"565",457,565
"889",457,889
"1321",457,1321
"485",458,485
"486",459,486
"487",460,487
"568",460,568
"892",460,892
"1324",460,1324
"488",461,488
"569",461,569
"893",461,893
"1325",461,1325
"489",462,489
"570",462,570
"894",462,894
"1326",462,1326
"490",463,490
"571",463,571
"895",463,895
"1327",463,1327
"491",464,491
"572",464,572
"896",464,896
"1328",464,1328
"492",465,492
"573",465,573
"897",465,897
"1329",465,1329
"493",466,493
"574",466,574
"898",466,898
"1330",466,1330
"494",467,494
"575",467,575
"899",467,899
"1331",467,1331
"495",468,495
"576",468,576
"900",468,900
"1332",468,1332
"496",469,496
"577",469,577
"901",469,901
"1333",469,1333
"497",470,497
"578",470,578
"902",470,902
"1334",470,1334
"498",471,498
"499",472,499
"580",472,580
"904",472,904
"1336",472,1336
"500",473,500
"581",473,581
"905",473,905
"1337",473,1337
"501",474,501
"502",475,502
"583",475,583
"907",475,907
"1339",475,1339
"503",476,503
"504",477,504
"505",478,505
"586",478,586
"910",478,910
"1342",478,1342
"506",479,506
"587",479,587
"911",479,911
"1343",479,1343
"507",480,507
"508",481,508
"589",481,589
"913",481,913
"1345",481,1345
"509",482,509
"510",483,510
"511",484,511
"592",484,592
"916",484,916
"1348",484,1348
"512",485,512
"513",486,513
"595",487,595
"919",487,919
"1351",487,1351
"596",488,596
"920",488,920
"1352",488,1352
"597",489,597
"921",489,921
"1353",489,1353
"598",490,598
"922",490,922
"1354",490,1354
"599",491,599
"923",491,923
"1355",491,1355
"600",492,600
"924",492,924
"1356",492,1356
"601",493,601
"925",493,925
"1357",493,1357
"602",494,602
"926",494,926
"1358",494,1358
"603",495,603
"927",495,927
"1359",495,1359
"604",496,604
"928",496,928
"1360",496,1360
"605",497,605
"929",497,929
"1361",497,1361
"607",499,607
"931",499,931
"1363",499,1363
"610",502,610
"934",502,934
"1366",502,1366
"613",505,613
"937",505,937
"1369",505,1369
"614",506,614
"938",506,938
"1370",506,1370
"616",508,616
"940",508,940
"1372",508,1372
"619",511,619
"943",511,943
"1375",511,1375
"622",514,622
"946",514,946
"1378",514,1378
"623",515,623
"947",515,947
"1379",515,1379
"624",516,624
"948",516,948
"1380",516,1380
"625",517,625
"949",517,949
"1381",517,1381
"626",518,626
"950",518,950
"1382",518,1382
"627",519,627
"951",519,951
"1383",519,1383
"628",520,628
"952",520,952
"1384",520,1384
"629",521,629
"953",521,953
"1385",521,1385
"630",522,630
"954",522,954
"1386",522,1386
"631",523,631
"955",523,955
"1387",523,1387
"632",524,632
"956",524,956
"1388",524,1388
"634",526,634
"958",526,958
"1390",526,1390
"637",529,637
"961",529,961
"1393",529,1393
"640",532,640
"964",532,964
"1396",532,1396
"641",533,641
"965",533,965
"1397",533,1397
"643",535,643
"967",535,967
"1399",535,1399
"646",538,646
"970",538,970
"1402",538,1402
"568",541,568
"649",541,649
"973",541,973
"1405",541,1405
"569",542,569
"650",542,650
"974",542,974
"1406",542,1406
"570",543,570
"651",543,651
"975",543,975
"1407",543,1407
"571",544,571
"652",544,652
"976",544,976
"1408",544,1408
"572",545,572
"653",545,653
"977",545,977
"1409",545,1409
"573",546,573
"654",546,654
"978",546,978
"1410",546,1410
"574",547,574
"655",547,655
"979",547,979
"1411",547,1411
"575",548,575
"656",548,656
"980",548,980
"1412",548,1412
"576",549,576
"657",549,657
"981",549,981
"1413",549,1413
"577",550,577
"658",550,658
"982",550,982
"1414",550,1414
"578",551,578
"659",551,659
"983",551,983
"579",552,579
"660",552,660
"984",552,984
"1416",552,1416
"580",553,580
"661",553,661
"985",553,985
"1417",553,1417
"581",554,581
"662",554,662
"986",554,986
"582",555,582
"663",555,663
"987",555,987
"1419",555,1419
"583",556,583
"664",556,664
"988",556,988
"1420",556,1420
"584",557,584
"665",557,665
"989",557,989
"1421",557,1421
"585",558,585
"666",558,666
"990",558,990
"586",559,586
"667",559,667
"991",559,991
"1423",559,1423
"587",560,587
"668",560,668
"992",560,992
"1424",560,1424
"669",561,669
"993",561,993
"1425",561,1425
"589",562,589
"670",562,670
"994",562,994
"1426",562,1426
"671",563,671
"995",563,995
"591",564,591
"672",564,672
"996",564,996
"1428",564,1428
"592",565,592
"673",565,673
"997",565,997
"1429",565,1429
"593",566,593
"674",566,674
"998",566,998
"1430",566,1430
"594",567,594
"675",567,675
"999",567,999
"595",568,595
"676",568,676
"1000",568,1000
"1432",568,1432
"596",569,596
"677",569,677
"1001",569,1001
"1433",569,1433
"597",570,597
"678",570,678
"1002",570,1002
"1434",570,1434
"598",571,598
"679",571,679
"1003",571,1003
"1435",571,1435
"599",572,599
"680",572,680
"1004",572,1004
"1436",572,1436
"600",573,600
"681",573,681
"1005",573,1005
"1437",573,1437
"601",574,601
"682",574,682
"1006",574,1006
"1438",574,1438
"602",575,602
"683",575,683
"1007",575,1007
"1439",575,1439
"603",576,603
"684",576,684
"1008",576,1008
"1440",576,1440
"604",577,604
"685",577,685
"1009",577,1009
"1441",577,1441
"605",578,605
"686",578,686
"1010",578,1010
"606",579,606
"687",579,687
"1011",579,1011
"1443",579,1443
"607",580,607
"688",580,688
"1012",580,1012
"1444",580,1444
"689",581,689
"1013",581,1013
"609",582,609
"690",582,690
"1014",582,1014
"1446",582,1446
"610",583,610
"691",583,691
"1015",583,1015
"1447",583,1447
"611",584,611
"692",584,692
"1016",584,1016
"1448",584,1448
"612",585,612
"693",585,693
"1017",585,1017
"613",586,613
"694",586,694
"1018",586,1018
"1450",586,1450
"614",587,614
"695",587,695
"1019",587,1019
"615",588,615
"696",588,696
"1020",588,1020
"1452",588,1452
"616",589,616
"697",589,697
"1021",589,1021
"1453",589,1453
"617",590,617
"698",590,698
"1022",590,1022
"1454",590,1454
"618",591,618
"699",591,699
"1023",591,1023
"619",592,619
"700",592,700
"1024",592,1024
"1456",592,1456
"620",593,620
"701",593,701
"1025",593,1025
"1457",593,1457
"621",594,621
"702",594,702
"1026",594,1026
"703",595,703
"1027",595,1027
"1459",595,1459
"704",596,704
"1028",596,1028
"1460",596,1460
"705",597,705
"1029",597,1029
"1461",597,1461
"706",598,706
"1030",598,1030
"1462",598,1462
"707",599,707
"1031",599,1031
"1463",599,1463
"708",600,708
"1032",600,1032
"1464",600,1464
"709",601,709
"1033",601,1033
"1465",601,1465
"710",602,710
"1034",602,1034
"1466",602,1466
"711",603,711
"1035",603,1035
"1467",603,1467
"712",604,712
"1036",604,1036
"1468",604,1468
"713",605,713
"1037",605,1037
"714",606,714
"1038",606,1038
"1470",606,1470
"715",607,715
"1039",607,1039
"1471",607,1471
"716",608,716
"1040",608,1040
"1472",608,1472
"717",609,717
"1041",609,1041
"718",610,718
"1042",610,1042
"1474",610,1474
"719",611,719
"1043",611,1043
"1475",611,1475
"720",612,720
"1044",612,1044
"721",613,721
"1045",613,1045
"1477",613,1477
"722",614,722
"1046",614,1046
"723",615,723
"1047",615,1047
"1479",615,1479
"724",616,724
"1048",616,1048
"1480",616,1480
"725",617,725
"1049",617,1049
"1481",617,1481
"726",618,726
"1050",618,1050
"727",619,727
"1051",619,1051
"1483",619,1483
"728",620,728
"1052",620,1052
"1484",620,1484
"729",621,729
"1053",621,1053
"730",622,730
"1054",622,1054
"1486",622,1486
"731",623,731
"1055",623,1055
"1487",623,1487
"732",624,732
"1056",624,1056
"1488",624,1488
"733",625,733
"1057",625,1057
"1489",625,1489
"734",626,734
"1058",626,1058
"1490",626,1490
"735",627,735
"1059",627,1059
"1491",627,1491
"736",628,736
"1060",628,1060
"1492",628,1492
"737",629,737
"1061",629,1061
"1493",629,1493
"738",630,738
"1062",630,1062
"1494",630,1494
"739",631,739
"1063",631,1063
"1495",631,1495
"740",632,740
"1064",632,1064
"741",633,741
"1065",633,1065
"1497",633,1497
"742",634,742
"1066",634,1066
"1498",634,1498
"743",635,743
"1067",635,1067
"1499",635,1499
"744",636,744
"1068",636,1068
"745",637,745
"1069",637,1069
"1501",637,1501
"746",638,746
"1070",638,1070
"1502",638,1502
"747",639,747
"1071",639,1071
"748",640,748
"1072",640,1072
"1504",640,1504
"749",641,749
"1073",641,1073
"750",642,750
"1074",642,1074
"1506",642,1506
"751",643,751
"1075",643,1075
"1507",643,1507
"752",644,752
"1076",644,1076
"1508",644,1508
"753",645,753
"1077",645,1077
"754",646,754
"1078",646,1078
"1510",646,1510
"755",647,755
"1079",647,1079
"1511",647,1511
"756",648,756
"1080",648,1080
"676",649,676
"1081",649,1081
"1513",649,1513
"677",650,677
"1082",650,1082
"1514",650,1514
"678",651,678
"1083",651,1083
"1515",651,1515
"679",652,679
"1084",652,1084
"1516",652,1516
"680",653,680
"1085",653,1085
"1517",653,1517
"681",654,681
"1086",654,1086
"1518",654,1518
"682",655,682
"1087",655,1087
"1519",655,1519
"683",656,683
"1088",656,1088
"1520",656,1520
"684",657,684
"1089",657,1089
"1521",657,1521
"685",658,685
"1090",658,1090
"1522",658,1522
"686",659,686
"687",660,687
"1092",660,1092
"688",661,688
"1093",661,1093
"1525",661,1525
"689",662,689
"690",663,690
"1095",663,1095
"691",664,691
"1096",664,1096
"1528",664,1528
"692",665,692
"1097",665,1097
"693",666,693
"694",667,694
"1099",667,1099
"1531",667,1531
"695",668,695
"1100",668,1100
"1532",668,1532
"1101",669,1101
"1533",669,1533
"697",670,697
"1102",670,1102
"1534",670,1534
"699",672,699
"1104",672,1104
"700",673,700
"1105",673,1105
"1537",673,1537
"701",674,701
"1106",674,1106
"702",675,702
"703",676,703
"1108",676,1108
"1540",676,1540
"704",677,704
"1109",677,1109
"1541",677,1541
"705",678,705
"1110",678,1110
"1542",678,1542
"706",679,706
"1111",679,1111
"1543",679,1543
"707",680,707
"1112",680,1112
"1544",680,1544
"708",681,708
"1113",681,1113
"1545",681,1545
"709",682,709
"1114",682,1114
"1546",682,1546
"710",683,710
"1115",683,1115
"1547",683,1547
"711",684,711
"1116",684,1116
"1548",684,1548
"712",685,712
"1117",685,1117
"1549",685,1549
"713",686,713
"714",687,714
"1119",687,1119
"715",688,715
"1120",688,1120
"1552",688,1552
"717",690,717
"1122",690,1122
"718",691,718
"1123",691,1123
"1555",691,1555
"719",692,719
"1124",692,1124
"720",693,720
"721",694,721
"1126",694,1126
"1558",694,1558
"722",695,722
"723",696,723
"1128",696,1128
"724",697,724
"1129",697,1129
"1561",697,1561
"725",698,725
"1130",698,1130
"726",699,726
"727",700,727
"1132",700,1132
"1564",700,1564
"728",701,728
"1133",701,1133
"729",702,729
"1135",703,1135
"1567",703,1567
"1136",704,1136
"1568",704,1568
"1137",705,1137
"1569",705,1569
"1138",706,1138
"1570",706,1570
"1139",707,1139
"1571",707,1571
"1140",708,1140
"1572",708,1572
"1141",709,1141
"1573",709,1573
"1142",710,1142
"1574",710,1574
"1143",711,1143
"1575",711,1575
"1144",712,1144
"1576",712,1576
"1146",714,1146
"1147",715,1147
"1579",715,1579
"1148",716,1148
"1150",718,1150
"1582",718,1582
"1151",719,1151
"1153",721,1153
"1585",721,1585
"1155",723,1155
"1156",724,1156
"1588",724,1588
"1157",725,1157
"1159",727,1159
"1591",727,1591
"1160",728,1160
"1162",730,1162
"1594",730,1594
"1163",731,1163
"1595",731,1595
"1164",732,1164
"1596",732,1596
"1165",733,1165
"1597",733,1597
"1166",734,1166
"1598",734,1598
"1167",735,1167
"1599",735,1599
"1168",736,1168
"1600",736,1600
"1169",737,1169
"1601",737,1601
"1170",738,1170
"1602",738,1602
"1171",739,1171
"1603",739,1603
"1173",741,1173
"1174",742,1174
"1606",742,1606
"1175",743,1175
"1177",745,1177
"1609",745,1609
"1178",746,1178
"1180",748,1180
"1612",748,1612
"1182",750,1182
"1183",751,1183
"1615",751,1615
"1184",752,1184
"1186",754,1186
"1618",754,1618
"1187",755,1187
"784",757,784
"1189",757,1189
"1621",757,1621
"785",758,785
"1190",758,1190
"1622",758,1622
"786",759,786
"1191",759,1191
"1623",759,1623
"787",760,787
"1192",760,1192
"1624",760,1624
"788",761,788
"1193",761,1193
"1625",761,1625
"789",762,789
"1194",762,1194
"1626",762,1626
"790",763,790
"1195",763,1195
"1627",763,1627
"791",764,791
"1196",764,1196
"1628",764,1628
"792",765,792
"1197",765,1197
"1629",765,1629
"793",766,793
"1198",766,1198
"1630",766,1630
"794",767,794
"795",768,795
"796",769,796
"1201",769,1201
"1633",769,1633
"797",770,797
"798",771,798
"799",772,799
"1204",772,1204
"1636",772,1636
"800",773,800
"801",774,801
"802",775,802
"1207",775,1207
"1639",775,1639
"803",776,803
"1208",776,1208
"1640",776,1640
"1209",777,1209
"1641",777,1641
"805",778,805
"1210",778,1210
"1642",778,1642
"807",780,807
"808",781,808
"1213",781,1213
"1645",781,1645
"809",782,809
"810",783,810
"811",784,811
"1216",784,1216
"1648",784,1648
"812",785,812
"1217",785,1217
"1649",785,1649
"813",786,813
"1218",786,1218
"1650",786,1650
"814",787,814
"1219",787,1219
"1651",787,1651
"815",788,815
"1220",788,1220
"1652",788,1652
"816",789,816
"1221",789,1221
"1653",789,1653
"817",790,817
"1222",790,1222
"1654",790,1654
"818",791,818
"1223",791,1223
"1655",791,1655
"819",792,819
"1224",792,1224
"1656",792,1656
"820",793,820
"1225",793,1225
"1657",793,1657
"821",794,821
"822",795,822
"823",796,823
"1228",796,1228
"1660",796,1660
"825",798,825
"826",799,826
"1231",799,1231
"1663",799,1663
"827",800,827
"828",801,828
"829",802,829
"1234",802,1234
"1666",802,1666
"830",803,830
"831",804,831
"832",805,832
"1237",805,1237
"1669",805,1669
"833",806,833
"834",807,834
"835",808,835
"1240",808,1240
"1672",808,1672
"836",809,836
"837",810,837
"1243",811,1243
"1675",811,1675
"1244",812,1244
"1676",812,1676
"1245",813,1245
"1677",813,1677
"1246",814,1246
"1678",814,1678
"1247",815,1247
"1679",815,1679
"1248",816,1248
"1680",816,1680
"1249",817,1249
"1681",817,1681
"1250",818,1250
"1682",818,1682
"1251",819,1251
"1683",819,1683
"1252",820,1252
"1684",820,1684
"1255",823,1255
"1687",823,1687
"1258",826,1258
"1690",826,1690
"1261",829,1261
"1693",829,1693
"1264",832,1264
"1696",832,1696
"1267",835,1267
"1699",835,1699
"1270",838,1270
"1702",838,1702
"1271",839,1271
"1703",839,1703
"1272",840,1272
"1704",840,1704
"1273",841,1273
"1705",841,1705
"1274",842,1274
"1706",842,1706
"1275",843,1275
"1707",843,1707
"1276",844,1276
"1708",844,1708
"1277",845,1277
"1709",845,1709
"1278",846,1278
"1710",846,1710
"1279",847,1279
"1711",847,1711
"1282",850,1282
"1714",850,1714
"1285",853,1285
"1717",853,1717
"1288",856,1288
"1720",856,1720
"1291",859,1291
"1723",859,1723
"1294",862,1294
"1726",862,1726
"892",865,892
"973",865,973
"893",866,893
"974",866,974
"894",867,894
"975",867,975
"895",868,895
"976",868,976
"896",869,896
"977",869,977
"897",870,897
"978",870,978
"898",871,898
"979",871,979
"899",872,899
"980",872,980
"900",873,900
"981",873,981
"901",874,901
"982",874,982
"902",875,902
"983",875,983
"903",876,903
"984",876,984
"904",877,904
"985",877,985
"905",878,905
"986",878,986
"906",879,906
"987",879,987
"907",880,907
"988",880,988
"908",881,908
"989",881,989
"909",882,909
"990",882,990
"910",883,910
"991",883,991
"911",884,911
"992",884,992
"993",885,993
"913",886,913
"994",886,994
"995",887,995
"915",888,915
"996",888,996
"916",889,916
"997",889,997
"917",890,917
"998",890,998
"918",891,918
"999",891,999
"919",892,919
"1000",892,1000
"920",893,920
"1001",893,1001
"921",894,921
"1002",894,1002
"922",895,922
"1003",895,1003
"923",896,923
"1004",896,1004
"924",897,924
"1005",897,1005
"925",898,925
"1006",898,1006
"926",899,926
"1007",899,1007
"927",900,927
"1008",900,1008
"928",901,928
"1009",901,1009
"929",902,929
"1010",902,1010
"930",903,930
"1011",903,1011
"931",904,931
"1012",904,1012
"1013",905,1013
"933",906,933
"1014",906,1014
"934",907,934
"1015",907,1015
"935",908,935
"1016",908,1016
"936",909,936
"1017",909,1017
"937",910,937
"1018",910,1018
"938",911,938
"1019",911,1019
"939",912,939
"1020",912,1020
"940",913,940
"1021",913,1021
"941",914,941
"1022",914,1022
"942",915,942
"1023",915,1023
"943",916,943
"1024",916,1024
"944",917,944
"1025",917,1025
"945",918,945
"1026",918,1026
"1027",919,1027
"1028",920,1028
"1029",921,1029
"1030",922,1030
"1031",923,1031
"1032",924,1032
"1033",925,1033
"1034",926,1034
"1035",927,1035
"1036",928,1036
"1037",929,1037
"1038",930,1038
"1039",931,1039
"1040",932,1040
"1041",933,1041
"1042",934,1042
"1043",935,1043
"1044",936,1044
"1045",937,1045
"1046",938,1046
"1047",939,1047
"1048",940,1048
"1049",941,1049
"1050",942,1050
"1051",943,1051
"1052",944,1052
"1053",945,1053
"1054",946,1054
"1055",947,1055
"1056",948,1056
"1057",949,1057
"1058",950,1058
"1059",951,1059
"1060",952,1060
"1061",953,1061
"1062",954,1062
"1063",955,1063
"1064",956,1064
"1065",957,1065
"1066",958,1066
"1067",959,1067
"1068",960,1068
"1069",961,1069
"1070",962,1070
"1071",963,1071
"1072",964,1072
"1073",965,1073
"1074",966,1074
"1075",967,1075
"1076",968,1076
"1077",969,1077
"1078",970,1078
"1079",971,1079
"1080",972,1080
"1000",973,1000
"1081",973,1081
"1001",974,1001
"1082",974,1082
"1002",975,1002
"1083",975,1083
"1003",976,1003
"1084",976,1084
"1004",977,1004
"1085",977,1085
"1005",978,1005
"1086",978,1086
"1006",979,1006
"1087",979,1087
"1007",980,1007
"1088",980,1088
"1008",981,1008
"1089",981,1089
"1009",982,1009
"1090",982,1090
"1010",983,1010
"1011",984,1011
"1092",984,1092
"1012",985,1012
"1093",985,1093
"1013",986,1013
"1014",987,1014
"1095",987,1095
"1015",988,1015
"1096",988,1096
"1016",989,1016
"1097",989,1097
"1017",990,1017
"1018",991,1018
"1099",991,1099
"1019",992,1019
"1100",992,1100
"1101",993,1101
"1021",994,1021
"1102",994,1102
"1023",996,1023
"1104",996,1104
"1024",997,1024
"1105",997,1105
"1025",998,1025
"1106",998,1106
"1026",999,1026
"1027",1000,1027
"1108",1000,1108
"1028",1001,1028
"1109",1001,1109
"1029",1002,1029
"1110",1002,1110
"1030",1003,1030
"1111",1003,1111
"1031",1004,1031
"1112",1004,1112
"1032",1005,1032
"1113",1005,1113
"1033",1006,1033
"1114",1006,1114
"1034",1007,1034
"1115",1007,1115
"1035",1008,1035
"1116",1008,1116
"1036",1009,1036
"1117",1009,1117
"1037",1010,1037
"1038",1011,1038
"1119",1011,1119
"1039",1012,1039
"1120",1012,1120
"1041",1014,1041
"1122",1014,1122
"1042",1015,1042
"1123",1015,1123
"1043",1016,1043
"1124",1016,1124
"1044",1017,1044
"1045",1018,1045
"1126",1018,1126
"1046",1019,1046
"1047",1020,1047
"1128",1020,1128
"1048",1021,1048
"1129",1021,1129
"1049",1022,1049
"1130",1022,1130
"1050",1023,1050
"1051",1024,1051
"1132",1024,1132
"1052",1025,1052
"1133",1025,1133
"1053",1026,1053
"1135",1027,1135
"1136",1028,1136
"1137",1029,1137
"1138",1030,1138
"1139",1031,1139
"1140",1032,1140
"1141",1033,1141
"1142",1034,1142
"1143",1035,1143
"1144",1036,1144
"1146",1038,1146
"1147",1039,1147
"1148",1040,1148
"1150",1042,1150
"1151",1043,1151
"1153",1045,1153
"1155",1047,1155
"1156",1048,1156
"1157",1049,1157
"1159",1051,1159
"1160",1052,1160
"1162",1054,1162
"1163",1055,1163
"1164",1056,1164
"1165",1057,1165
"1166",1058,1166
"1167",1059,1167
"1168",1060,1168
"1169",1061,1169
"1170",1062,1170
"1171",1063,1171
"1173",1065,1173
"1174",1066,1174
"1175",1067,1175
"1177",1069,1177
"1178",1070,1178
"1180",1072,1180
"1182",1074,1182
"1183",1075,1183
"1184",1076,1184
"1186",1078,1186
"1187",1079,1187
"1108",1081,1108
"1109",1082,1109
"1110",1083,1110
"1111",1084,1111
"1112",1085,1112
"1113",1086,1113
"1114",1087,1114
"1115",1088,1115
"1116",1089,1116
"1117",1090,1117
"1118",1091,1118
"1119",1092,1119
"1120",1093,1120
"1121",1094,1121
"1122",1095,1122
"1123",1096,1123
"1124",1097,1124
"1125",1098,1125
"1126",1099,1126
"1129",1102,1129
"1130",1103,1130
"1132",1105,1132
"1133",1106,1133
"1134",1107,1134
"1135",1108,1135
"1136",1109,1136
"1137",1110,1137
"1138",1111,1138
"1139",1112,1139
"1140",1113,1140
"1141",1114,1141
"1142",1115,1142
"1143",1116,1143
"1144",1117,1144
"1145",1118,1145
"1146",1119,1146
"1147",1120,1147
"1148",1121,1148
"1150",1123,1150
"1151",1124,1151
"1152",1125,1152
"1153",1126,1153
"1154",1127,1154
"1155",1128,1155
"1156",1129,1156
"1157",1130,1157
"1158",1131,1158
"1159",1132,1159
"1160",1133,1160
"1161",1134,1161
"1216",1189,1216
"1217",1190,1217
"1218",1191,1218
"1219",1192,1219
"1220",1193,1220
"1221",1194,1221
"1222",1195,1222
"1223",1196,1223
"1224",1197,1224
"1225",1198,1225
"1226",1199,1226
"1227",1200,1227
"1228",1201,1228
"1229",1202,1229
"1230",1203,1230
"1231",1204,1231
"1232",1205,1232
"1233",1206,1233
"1234",1207,1234
"1237",1210,1237
"1240",1213,1240
"1241",1214,1241
"1242",1215,1242
"1243",1216,1243
"1244",1217,1244
"1245",1218,1245
"1246",1219,1246
"1247",1220,1247
"1248",1221,1248
"1249",1222,1249
"1250",1223,1250
"1251",1224,1251
"1252",1225,1252
"1253",1226,1253
"1254",1227,1254
"1255",1228,1255
"1258",1231,1258
"1259",1232,1259
"1260",1233,1260
"1261",1234,1261
"1262",1235,1262
"1263",1236,1263
"1264",1237,1264
"1265",1238,1265
"1266",1239,1266
"1267",1240,1267
"1268",1241,1268
"1269",1242,1269
"1324",1297,1324
"1405",1297,1405
"1325",1298,1325
"1406",1298,1406
"1326",1299,1326
"1407",1299,1407
"1327",1300,1327
"1408",1300,1408
"1328",1301,1328
"1409",1301,1409
"1329",1302,1329
"1410",1302,1410
"1330",1303,1330
"1411",1303,1411
"1331",1304,1331
"1412",1304,1412
"1332",1305,1332
"1413",1305,1413
"1333",1306,1333
"1414",1306,1414
"1334",1307,1334
"1335",1308,1335
"1416",1308,1416
"1336",1309,1336
"1417",1309,1417
"1337",1310,1337
"1338",1311,1338
"1419",1311,1419
"1339",1312,1339
"1420",1312,1420
"1340",1313,1340
"1421",1313,1421
"1341",1314,1341
"1342",1315,1342
"1423",1315,1423
"1343",1316,1343
"1424",1316,1424
"1425",1317,1425
"1345",1318,1345
"1426",1318,1426
"1347",1320,1347
"1428",1320,1428
"1348",1321,1348
"1429",1321,1429
"1349",1322,1349
"1430",1322,1430
"1350",1323,1350
"1351",1324,1351
"1432",1324,1432
"1352",1325,1352
"1433",1325,1433
"1353",1326,1353
"1434",1326,1434
"1354",1327,1354
"1435",1327,1435
"1355",1328,1355
"1436",1328,1436
"1356",1329,1356
"1437",1329,1437
"1357",1330,1357
"1438",1330,1438
"1358",1331,1358
"1439",1331,1439
"1359",1332,1359
"1440",1332,1440
"1360",1333,1360
"1441",1333,1441
"1361",1334,1361
"1362",1335,1362
"1443",1335,1443
"1363",1336,1363
"1444",1336,1444
"1365",1338,1365
"1446",1338,1446
"1366",1339,1366
"1447",1339,1447
"1367",1340,1367
"1448",1340,1448
"1368",1341,1368
"1369",1342,1369
"1450",1342,1450
"1370",1343,1370
"1371",1344,1371
"1452",1344,1452
"1372",1345,1372
"1453",1345,1453
"1373",1346,1373
"1454",1346,1454
"1374",1347,1374
"1375",1348,1375
"1456",1348,1456
"1376",1349,1376
"1457",1349,1457
"1377",1350,1377
"1459",1351,1459
"1460",1352,1460
"1461",1353,1461
"1462",1354,1462
"1463",1355,1463
"1464",1356,1464
"1465",1357,1465
"1466",1358,1466
"1467",1359,1467
"1468",1360,1468
"1470",1362,1470
"1471",1363,1471
"1472",1364,1472
"1474",1366,1474
"1475",1367,1475
"1477",1369,1477
"1479",1371,1479
"1480",1372,1480
"1481",1373,1481
"1483",1375,1483
"1484",1376,1484
"1486",1378,1486
"1487",1379,1487
"1488",1380,1488
"1489",1381,1489
"1490",1382,1490
"1491",1383,1491
"1492",1384,1492
"1493",1385,1493
"1494",1386,1494
"1495",1387,1495
"1497",1389,1497
"1498",1390,1498
"1499",1391,1499
"1501",1393,1501
"1502",1394,1502
"1504",1396,1504
"1506",1398,1506
"1507",1399,1507
"1508",1400,1508
"1510",1402,1510
"1511",1403,1511
"1432",1405,1432
"1513",1405,1513
"1433",1406,1433
"1514",1406,1514
"1434",1407,1434
"1515",1407,1515
"1435",1408,1435
"1516",1408,1516
"1436",1409,1436
"1517",1409,1517
"1437",1410,1437
"1518",1410,1518
"1438",1411,1438
"1519",1411,1519
"1439",1412,1439
"1520",1412,1520
"1440",1413,1440
"1521",1413,1521
"1441",1414,1441
"1522",1414,1522
"1442",1415,1442
"1523",1415,1523
"1443",1416,1443
"1444",1417,1444
"1525",1417,1525
"1445",1418,1445
"1526",1418,1526
"1446",1419,1446
"1447",1420,1447
"1528",1420,1528
"1448",1421,1448
"1449",1422,1449
"1530",1422,1530
"1450",1423,1450
"1531",1423,1531
"1532",1424,1532
"1533",1425,1533
"1453",1426,1453
"1534",1426,1534
"1454",1427,1454
"1535",1427,1535
"1456",1429,1456
"1537",1429,1537
"1457",1430,1457
"1458",1431,1458
"1539",1431,1539
"1459",1432,1459
"1540",1432,1540
"1460",1433,1460
"1541",1433,1541
"1461",1434,1461
"1542",1434,1542
"1462",1435,1462
"1543",1435,1543
"1463",1436,1463
"1544",1436,1544
"1464",1437,1464
"1545",1437,1545
"1465",1438,1465
"1546",1438,1546
"1466",1439,1466
"1547",1439,1547
"1467",1440,1467
"1548",1440,1548
"1468",1441,1468
"1549",1441,1549
"1469",1442,1469
"1550",1442,1550
"1470",1443,1470
"1471",1444,1471
"1552",1444,1552
"1472",1445,1472
"1553",1445,1553
"1474",1447,1474
"1555",1447,1555
"1475",1448,1475
"1476",1449,1476
"1557",1449,1557
"1477",1450,1477
"1558",1450,1558
"1478",1451,1478
"1559",1451,1559
"1479",1452,1479
"1480",1453,1480
"1561",1453,1561
"1481",1454,1481
"1482",1455,1482
"1563",1455,1563
"1483",1456,1483
"1564",1456,1564
"1484",1457,1484
"1485",1458,1485
"1566",1458,1566
"1567",1459,1567
"1568",1460,1568
"1569",1461,1569
"1570",1462,1570
"1571",1463,1571
"1572",1464,1572
"1573",1465,1573
"1574",1466,1574
"1575",1467,1575
"1576",1468,1576
"1577",1469,1577
"1579",1471,1579
"1581",1473,1581
"1582",1474,1582
"1584",1476,1584
"1585",1477,1585
"1586",1478,1586
"1588",1480,1588
"1590",1482,1590
"1591",1483,1591
"1593",1485,1593
"1594",1486,1594
"1595",1487,1595
"1596",1488,1596
"1597",1489,1597
"1598",1490,1598
"1599",1491,1599
"1600",1492,1600
"1601",1493,1601
"1602",1494,1602
"1603",1495,1603
"1604",1496,1604
"1606",1498,1606
"1608",1500,1608
"1609",1501,1609
"1611",1503,1611
"1612",1504,1612
"1613",1505,1613
"1615",1507,1615
"1617",1509,1617
"1618",1510,1618
"1620",1512,1620
"1540",1513,1540
"1541",1514,1541
"1542",1515,1542
"1543",1516,1543
"1544",1517,1544
"1545",1518,1545
"1546",1519,1546
"1547",1520,1547
"1548",1521,1548
"1549",1522,1549
"1550",1523,1550
"1551",1524,1551
"1552",1525,1552
"1553",1526,1553
"1554",1527,1554
"1555",1528,1555
"1556",1529,1556
"1557",1530,1557
"1558",1531,1558
"1561",1534,1561
"1564",1537,1564
"1565",1538,1565
"1566",1539,1566
"1567",1540,1567
"1568",1541,1568
"1569",1542,1569
"1570",1543,1570
"1571",1544,1571
"1572",1545,1572
"1573",1546,1573
"1574",1547,1574
"1575",1548,1575
"1576",1549,1576
"1577",1550,1577
"1578",1551,1578
"1579",1552,1579
"1582",1555,1582
"1583",1556,1583
"1584",1557,1584
"1585",1558,1585
"1586",1559,1586
"1587",1560,1587
"1588",1561,1588
"1589",1562,1589
"1590",1563,1590
"1591",1564,1591
"1592",1565,1592
"1593",1566,1593
"1648",1621,1648
"1649",1622,1649
"1650",1623,1650
"1651",1624,1651
"1652",1625,1652
"1653",1626,1653
"1654",1627,1654
"1655",1628,1655
"1656",1629,1656
"1657",1630,1657
"1658",1631,1658
"1659",1632,1659
"1660",1633,1660
"1661",1634,1661
"1662",1635,1662
"1663",1636,1663
"1664",1637,1664
"1665",1638,1665
"1666",1639,1666
"1669",1642,1669
"1672",1645,1672
"1673",1646,1673
"1674",1647,1674
"1675",1648,1675
"1676",1649,1676
"1677",1650,1677
"1678",1651,1678
"1679",1652,1679
"1680",1653,1680
"1681",1654,1681
"1682",1655,1682
"1683",1656,1683
"1684",1657,1684
"1685",1658,1685
"1686",1659,1686
"1687",1660,1687
"1690",1663,1690
"1691",1664,1691
"1692",1665,1692
"1693",1666,1693
"1694",1667,1694
"1695",1668,1695
"1696",1669,1696
"1697",1670,1697
"1698",1671,1698
"1699",1672,1699
"1700",1673,1700
"1701",1674,1701
